﻿<?xml version="1.0" encoding="utf-8" ?> 

<hibernate-mapping xmlns="urn:nhibernate-mapping-2.0">

    <class name="NGEN.User, ngen" table="users">
		<id name="Id" column="LogonId" type="String" length="20">
			<generator class="assigned" />
		</id>
		
		<property name="UserName" column="Name" type="String" length="40"/>
		<property name="Password" type="String" length="20"/>
		<property name="EmailAddress" type="String" length="40"/>
		<property name="LastLogon" type="DateTime"/>
	</class>
	
</hibernate-mapping>