<?xml version="1.0" standalone="yes"?>
<NewDataSet>
  <xs:schema id="NewDataSet" xmlns="" xmlns:xs="http://www.w3.org/2001/XMLSchema" xmlns:msdata="urn:schemas-microsoft-com:xml-msdata">
    <xs:element name="NewDataSet" msdata:IsDataSet="true" msdata:Locale="de-DE">
      <xs:complexType>
        <xs:choice maxOccurs="unbounded">
          <xs:element name="Table">
            <xs:complexType>
              <xs:sequence>
                <xs:element name="uid" type="xs:short" minOccurs="0" />
                <xs:element name="name" type="xs:string" minOccurs="0" />
                <xs:element name="type" type="xs:string" minOccurs="0" />
                <xs:element name="refdate" type="xs:dateTime" minOccurs="0" />
              </xs:sequence>
            </xs:complexType>
          </xs:element>
        </xs:choice>
      </xs:complexType>
    </xs:element>
  </xs:schema>
  <Table>
    <uid>1</uid>
    <name>sysobjects</name>
    <type>S </type>
    <refdate>2002-12-17T14:36:10.0430000+01:00</refdate>
  </Table>
  <Table>
    <uid>1</uid>
    <name>sysindexes</name>
    <type>S </type>
    <refdate>2002-12-17T14:36:10.0430000+01:00</refdate>
  </Table>
  <Table>
    <uid>1</uid>
    <name>syscolumns</name>
    <type>S </type>
    <refdate>2002-12-17T14:36:10.0430000+01:00</refdate>
  </Table>
  <Table>
    <uid>1</uid>
    <name>systypes</name>
    <type>S </type>
    <refdate>2002-12-17T14:36:10.0430000+01:00</refdate>
  </Table>
  <Table>
    <uid>1</uid>
    <name>syscomments</name>
    <type>S </type>
    <refdate>2002-12-17T14:36:10.0430000+01:00</refdate>
  </Table>
</NewDataSet>